State,County,Democratic,Republican,Party
AZ,apache,1882.768870708951,11876.796920997569,1
AZ,cochise,16727.32373075135,24159.803189442657,0
AZ,coconino,31957.879191817185,26256.941362489182,1
AZ,gila,5886.386195384068,10770.089990626991,0
AZ,graham,1227.3349924983995,8500.976458744844,0
AZ,la paz,740.0126933768006,3898.8112037076517,0
AZ,maricopa,821220.4853859099,673746.0195559454,1
AZ,mohave,12319.201577219577,38627.43398802847,0
AZ,navajo,6378.526272470546,18932.929267291034,0
AZ,pima,203617.35540833845,175996.37233788005,1
AZ,santa cruz,5613.587502685234,6103.54927783146,1
AZ,yavapai,41748.3447905698,46315.90896037333,0
CT,fairfield,311837.7544244519,141179.0174885909,1
CT,hartford,236527.36127105067,140909.3109379734,1
CT,middlesex,51415.86919567324,33834.886020982405,0
CT,new haven,215367.58014644225,141520.58282826908,1
CT,tolland,43235.28171867819,32344.217278466145,1
CT,windham,19889.971783878595,23717.270461957683,1
DE,sussex,36418.471481915294,34499.618357122294,0
FL,alachua,79209.2067035334,41816.70367701624,1
FL,baker,1657.4083532133263,5291.661941349144,0
FL,bay,27803.619044781062,33525.86430372428,0
FL,bradford,72.25736541335937,3967.1364798989,0
FL,brevard,115395.69955566688,108242.99795837593,1
FL,broward,385275.9316620131,243885.6521171183,1
FL,charlotte,28179.078314556536,34798.614704927524,0
FL,citrus,19740.06796783684,27985.884910298468,0
FL,collier,79471.61306790724,52539.086317007226,0
FL,desoto,-1997.4410291875065,3734.046585733584,0
FL,dixie,-105.9633443814455,3556.6001655643086,0
FL,duval,178398.65216725532,123716.03390953998,1
FL,escambia,52230.36997950431,51989.339862689536,0
FL,flagler,19386.387793033668,21571.456845823446,1
FL,franklin,617.1705084836431,2757.0393383885857,0
FL,gadsden,5255.807610511103,2754.166414109979,1
FL,gilchrist,1191.981893711818,4164.965586037308,0
FL,glades,39.79753846264066,2692.9616883913113,0
FL,gulf,489.7261117082744,3444.275637908253,0
FL,hamilton,-577.4288118638651,2207.162515649048,0
FL,hendry,-1936.5628697974535,2032.9852933124093,0
FL,hillsborough,281590.42325668543,198310.76207466485,1
FL,holmes,885.09545538987,3884.638143011338,0
FL,indian river,30020.989383168853,25760.847800969077,0
FL,jackson,210.2684995135278,5762.77452245335,0
FL,lafayette,237.35187206705814,2109.2362723959995,0
FL,lake,50567.061472465124,57600.34467995907,0
FL,leon,97532.4697463213,38211.34474593147,1
FL,madison,987.5696621904208,3222.0482920652903,0
FL,manatee,72631.78467929538,62658.85711695032,0
FL,marion,46340.65414461198,58455.95269572353,0
FL,martin,35086.663706124105,29756.984255311174,0
FL,miami-dade,398017.0518929237,274572.4159178,1
FL,monroe,14029.935051833027,16038.222606193227,1
FL,nassau,14519.470942427639,16920.437656119037,1
FL,okeechobee,-603.7794494957125,4694.865039820379,0
FL,orange,259501.31253045163,175213.3426661904,1
FL,osceola,32358.00266304081,53763.275991012466,1
FL,pinellas,212940.81432945514,172002.20556547013,1
FL,polk,77378.63196923416,93142.79935624491,0
FL,putnam,4891.428502746046,9483.573038062112,0
FL,santa rosa,28788.104712643406,33037.68118426684,0
FL,sarasota,105378.26074711425,81820.66528552736,0
FL,seminole,119405.9364287341,85989.73037938107,1
FL,st. johns,71763.75944920324,45001.350019543446,0
FL,st. lucie,38327.888886856505,44515.746318935235,1
FL,suwannee,3238.488780487871,6793.588198795333,0
FL,taylor,-200.62874097531312,3840.795993648857,0
FL,union,-2026.4308862346988,2593.0022994215033,0
FL,wakulla,1724.4227758926936,6831.319992164581,0
FL,walton,10603.126350680623,11094.10591036314,0
FL,washington,395.4691423656441,4486.906871204246,0
HI,hawaii,33146.25643251241,42537.408448902206,1
HI,honolulu,194088.99530181132,194159.63519999603,1
HI,kauai,12479.241656082497,16449.875856064937,0
HI,maui,25713.986813808668,36666.84478477057,1
IN,adams,4122.574505458731,7632.835164764192,0
IN,allen,73043.15389860366,65040.49239127885,0
IN,blackford,1514.7417977586556,3937.2873281765133,0
IN,boone,21025.46850016195,13320.573518030511,0
IN,carroll,3010.401000183665,5448.86483156507,0
IN,cass,3389.60279556812,7926.3073571404875,0
IN,clark,17644.56600262951,22553.63747120037,0
IN,clay,4144.922227572006,7157.085890619712,0
IN,crawford,1060.4410283526595,3273.908705168429,0
IN,dearborn,7748.72496251269,12164.223416622106,0
IN,decatur,4099.576431007092,6908.687235249932,0
IN,dekalb,5937.220221610816,10591.566878561636,0
IN,delaware,22030.04484373224,23965.329369326562,0
IN,dubois,6245.90254357185,9843.721395537186,0
IN,fayette,2096.0948113656486,5229.981169938961,0
IN,floyd,16351.778678828934,15744.465600616342,0
IN,fountain,2180.8050818491247,4871.008784245265,0
IN,franklin,3573.4720041899163,5883.248898263697,0
IN,fulton,2438.8909207132674,5190.865685556555,0
IN,grant,9534.26137052411,13789.463615617322,0
IN,greene,3729.930663252948,7655.685325853305,0
IN,hamilton,129173.82441810193,58536.682557066306,0
IN,hancock,17073.362357911807,17574.91242936697,1
IN,harrison,5224.8863833493415,9658.932975983415,0
IN,hendricks,39937.20816284414,33027.127812164865,0
IN,howard,13096.318034995817,17182.121173242896,0
IN,huntington,5901.543920540978,9310.663282985299,0
IN,jackson,5360.834798769338,10068.855153104072,0
IN,jasper,4440.2196461410385,7983.881828445146,0
IN,jay,2164.922523914458,5351.437874526839,0
IN,jefferson,5212.625040053797,7670.420676523481,0
IN,johnson,33350.04137235825,31681.860335160673,0
IN,lagrange,1024.3090681541034,3131.625095669002,0
IN,lake,70685.223798028,73901.06786528025,1
IN,laporte,10832.393469118793,21337.140601316794,1
IN,lawrence,5366.92614114879,11076.108622204942,0
IN,madison,15287.749761071134,25514.546602327486,0
IN,marion,188021.7604568365,108351.9049884791,1
IN,marshall,6183.713887714108,9648.18549176581,0
IN,martin,1274.5635255098423,3299.8973837825215,0
IN,monroe,47175.65589031557,27439.81365282375,1
IN,montgomery,4683.785403501537,9303.372517951879,0
IN,morgan,8491.518477514326,16002.452461325482,0
IN,ohio,1151.2729928226145,2636.9396772154687,0
IN,owen,1937.5276544498847,5299.205992944035,0
IN,parke,2335.30632152368,4657.168517277596,0
IN,perry,1490.157811106179,5199.023648664213,0
IN,pike,1607.048031361297,3876.0576896556468,0
IN,porter,32779.91031362074,36502.25184502272,1
IN,posey,4580.5370228174215,7551.158619299884,0
IN,pulaski,1358.9295319779885,4075.739009916895,1
IN,randolph,3137.89907170715,6430.113763206236,0
IN,ripley,4147.7038021017,6972.4318631370115,0
IN,rush,2258.4561513486515,4480.424389879145,0
IN,scott,2722.2383331029378,5831.658545808868,0
IN,shelby,5905.2895738556,10338.995194584915,0
IN,st. joseph,55171.08555045443,44000.63174246534,1
IN,starke,2302.455641179142,5465.154734811258,0
IN,steuben,5002.058326804698,8351.431112105141,0
IN,sullivan,1303.8071380442088,5424.787144926408,0
IN,tippecanoe,42994.717755263075,35276.43285841665,1
IN,tipton,2971.3488712032777,4465.773001993257,0
IN,union,1475.1638750762504,2850.0113019406817,0
IN,vanderburgh,35367.96749981302,35391.62378169905,1
IN,vigo,16336.61166833663,20978.73316722809,1
IN,warren,1802.1321450548821,3209.5594434087398,0
IN,warrick,13629.57582626842,14788.171059428765,0
IN,washington,2964.3460658892473,6795.929537843325,0
IN,wayne,9133.326320447204,13003.648133943834,0
IN,wells,4295.795560658156,7677.969291451154,0
IN,white,3288.928095977437,6673.8171624502975,0
IN,whitley,4971.155535330196,8644.913934196884,0
MA,barnstable,71535.18173823657,46964.26143981315,1
MA,essex,216264.96854620517,134514.22760078436,1
MA,franklin,19956.057738266583,15945.40848762756,1
MA,hampshire,58939.95946985102,33227.47368373567,1
MA,middlesex,609027.975758986,264896.69741719414,1
MA,nantucket,3335.75820471298,3483.9340135672646,1
MA,norfolk,270611.6010703511,123802.92936501553,1
MA,plymouth,135300.3247763404,97473.5093296943,0
MA,suffolk,221740.8091822965,77449.08980829544,1
MD,anne arundel,157333.64744617508,93550.14577453223,1
MD,baltimore city,125548.01272383059,18682.165663024225,1
MD,baltimore,233798.22972130266,115860.37421555672,1
MD,calvert,19864.613882225676,19345.83425928226,0
MD,caroline,3946.019897899336,6221.576284816349,0
MD,charles,31282.265499700166,22793.770021086213,1
MD,dorchester,5390.173849771174,5382.142030635501,1
MD,frederick,70726.31073217026,45698.47780922938,1
MD,garrett,4738.009260422474,7437.946413394215,0
MD,kent,5056.842973295319,4308.864631881192,1
MD,prince george's,179399.0481492779,38551.313052969344,1
MD,somerset,812.8127319943269,3067.9479573571225,0
MD,st. mary's,23331.294092088956,20143.168094711833,0
MD,washington,18434.69393669092,27230.28546638268,0
MD,wicomico,21477.776744904146,15956.137966139133,1
MD,worcester,12027.477159810376,10032.960558541821,0
ME,androscoggin,17431.314676937956,23556.28885036525,1
ME,cumberland,98383.02959220353,59252.57519841021,1
ME,hancock,14561.535218317673,13345.64176932165,1
ME,knox,9748.825863458558,10039.327215328109,1
ME,lincoln,9131.99637411266,8761.159208420933,1
ME,oxford,8521.959168402822,14445.41948197117,1
ME,penobscot,29098.50467444432,34119.160127325886,1
ME,somerset,6537.623763047817,11976.386511004439,0
ME,washington,5138.839453333439,7742.26903679707,1
ME,york,47509.295703623204,44094.24046768079,1
MI,alcona,1567.835958228432,3607.9323549570872,0
MI,alger,1166.8317985816939,3243.796263245309,0
MI,alpena,4323.999538725529,7799.024273477229,0
MI,antrim,5110.249570311451,6194.805191284058,0
MI,baraga,173.1344082215801,2565.2740307575004,0
MI,bay,14849.673278442682,23796.21802482872,1
MI,branch,3649.8362406753004,10421.042862061999,0
MI,calhoun,21438.76071966945,27863.770144030503,0
MI,cass,6320.350573220632,11433.678997488589,0
MI,cheboygan,3883.4171494965485,6694.719770808631,0
MI,chippewa,3004.3551013186952,9001.446577560924,0
MI,clinton,18513.50932444172,18364.685951098316,1
MI,crawford,2081.708816121147,4210.696225202066,0
MI,delta,6366.105110238968,9852.107942260454,0
MI,eaton,21964.74657111145,25224.46294015526,1
MI,emmet,8800.511133167447,8651.142728186001,1
MI,genesee,63358.83907934431,72736.40815308416,1
MI,gladwin,2658.19617834406,6209.602766055998,0
MI,gogebic,1877.8849587981786,4968.656494519686,1
MI,grand traverse,22814.044378161434,21723.82204569834,0
MI,hillsdale,5796.639167486839,10504.085569469155,0
MI,houghton,6950.740653141911,9018.103267018525,0
MI,huron,3989.7165116421893,8206.15218901857,0
MI,iosco,3486.351069358676,6660.080593420555,0
MI,jackson,20916.44011816364,32549.078476834457,0
MI,keweenaw,940.1505953981068,1891.2561024189636,0
MI,lake,888.3091479618197,3230.631946174366,0
MI,lapeer,11032.426708457013,20608.68941411862,0
MI,leelanau,7392.2814160882335,5994.675828177222,1
MI,livingston,47708.74378089541,43470.099904067334,0
MI,luce,472.7169865300093,2680.2670622530895,0
MI,mackinac,1831.647808845104,3634.0675495984324,0
MI,macomb,152545.0293612889,157436.23672980096,1
MI,manistee,3456.5129652458418,6566.392669116271,0
MI,marquette,15261.85952453183,16669.34493839345,1
MI,mason,4985.80450155379,7778.467235313585,0
MI,menominee,3145.2934173852627,6848.465468764116,0
MI,missaukee,1726.7342288408108,4508.650648909761,0
MI,monroe,21833.139664459173,33677.21575427878,0
MI,montcalm,4591.651927794217,14353.262075287923,0
MI,montmorency,1204.7513157362664,3307.7520005411425,0
MI,muskegon,21549.153821123793,33341.202730298595,1
MI,newaygo,4707.582829951229,10578.268213297899,0
MI,oakland,414917.49879088544,211078.195766896,1
MI,oceana,3130.632125491491,6254.576096217248,0
MI,ogemaw,2036.008251802581,5474.405317772569,0
MI,ontonagon,1269.9892507645927,2795.2586585798817,0
MI,osceola,2465.095726424439,6162.220376293897,0
MI,oscoda,904.643746970447,2888.9610712980902,0
MI,otsego,4401.465898996827,6794.9535149220355,0
MI,ottawa,64980.574771380954,58045.769931159,1
MI,presque isle,2097.6191191705293,4076.504109313317,0
MI,roscommon,2970.7279660107815,6463.688298253235,0
MI,saginaw,29880.55937211938,33915.78344138809,1
MI,sanilac,4425.661243204377,10168.046616286765,0
MI,schoolcraft,1493.150810612351,3133.8954617025083,0
MI,st. clair,20951.749331471074,35198.67666877788,0
MI,st. joseph,6638.265121086984,12905.328911718085,0
MI,washtenaw,138682.2409409283,61583.669525046986,1
MI,wayne,265496.09080772824,175434.88452444592,1
MI,wexford,4356.580671127191,8249.77017260059,0
MN,aitkin,2224.1241224778496,4997.197048624641,1
MN,anoka,69925.48103004252,74939.13753479629,1
MN,becker,6259.733240611193,8878.830389408586,0
MN,beltrami,8851.955547838557,10648.126960342313,0
MN,benton,6969.228396528306,10130.492051164474,0
MN,big stone,1244.5832081159133,2480.3643357560723,1
MN,blue earth,15585.166553055229,15703.705378834158,1
MN,brown,4524.956839519677,6969.312887644062,0
MN,carver,33985.93749486984,21647.679738144878,1
MN,cass,4430.325754784673,7738.673841536069,0
MN,chippewa,2031.7524436640233,4042.803578335517,1
MN,chisago,8444.082023482,14113.956425639764,1
MN,clay,15953.590215565162,14893.749097561162,1
MN,clearwater,1302.1245782591322,3108.31308598099,0
MN,cottonwood,2298.397158388867,3834.06940627553,0
MN,crow wing,12044.225149334663,16022.397234790227,0
MN,dakota,125800.03327191217,84613.5132415663,1
MN,douglas,7655.92957933369,10208.596947447237,1
MN,faribault,2262.039711921967,4491.706794673037,0
MN,fillmore,3634.7962054013988,5942.743177787141,1
MN,freeborn,4070.8753370583618,7838.963389077673,1
MN,goodhue,8993.967107639815,11979.139986861523,1
MN,houston,3777.2959556133173,5793.686730033291,1
MN,hubbard,4414.235157469397,5891.518472233176,0
MN,isanti,5279.930684518578,10064.154556584543,0
MN,jackson,2092.4565688483963,3691.146960013004,0
MN,kanabec,1959.9153876903874,4783.940836688525,0
MN,kandiyohi,6895.394574591348,9486.982343783422,0
MN,koochiching,2295.70558088267,4257.758827360871,1
MN,lac qui parle,1533.311562513154,3006.5292817337104,1
MN,lake,2654.1250733437373,3935.828589288907,1
MN,lake of the woods,946.1173827003295,2220.7469521963576,0
MN,lincoln,1360.8145371227838,2693.5704316449883,0
MN,mahnomen,858.0563057128638,2499.6181235308395,1
MN,martin,3354.676325101238,5770.072732258575,0
MN,mcleod,5231.435767916268,9529.469181824079,0
MN,meeker,3564.568664728544,6681.153650682476,0
MN,mille lacs,3305.644868711239,7057.8366510637225,0
MN,morrison,4100.0975075947135,8456.200060930392,0
MN,mower,5548.0809753232425,8688.85125197923,1
MN,murray,1685.8724719342972,3216.7275267449695,0
MN,nicollet,8452.322645066208,8473.41686678251,1
MN,nobles,1324.9711673459533,4126.500507611301,0
MN,norman,1285.9678062001476,2849.686540642084,1
MN,otter tail,10488.690869442142,13936.723952733482,0
MN,pennington,2300.4387269588333,4587.579130716793,1
MN,pine,2076.3852060379795,7615.256616135466,1
MN,pope,2365.847761194058,3948.042932995648,1
MN,ramsey,156632.47076453155,86138.33969753832,1
MN,red lake,979.5173853343404,2330.7062854791147,1
MN,renville,1926.9477140537056,4553.2530321250215,1
MN,rice,12195.405028629455,14052.103692974553,1
MN,rock,2104.2429199777434,3405.2793445764837,0
MN,roseau,2447.298981637603,4876.7302017217735,1
MN,saint louis,40916.91327831055,46196.63574078903,1
MN,sibley,2214.9486750259784,4628.535138996027,0
MN,stearns,28671.059181970395,33753.515009560775,1
MN,steele,7339.383558978872,9340.77284198404,1
MN,stevens,2540.940103970577,3431.4922333619033,1
MN,swift,1664.4298678489286,3326.9403967216604,1
MN,traverse,1087.4728827362596,2127.6801051849798,1
MN,wabasha,4005.127675600692,6388.673727557103,1
MN,wadena,1908.0544866944147,4405.35907018101,0
MN,waseca,3924.1046301192473,5634.570132424602,0
MN,washington,79328.753009436,54041.956063585734,1
MN,watonwan,1707.3990704382013,3388.485787379359,1
MN,wilkin,1570.4499836334362,2848.0577003087237,0
MN,wright,26050.93321730684,31423.873783841103,0
MT,big horn,1574.1331076301321,3955.0792353665474,1
MT,blaine,1343.7372335643195,2765.375272486064,1
MT,broadwater,1628.8040502103468,2668.6575424622497,0
MT,carbon,2815.881802578675,3716.708386034501,0
MT,carter,765.7805999288503,1674.9504581859146,0
MT,cascade,15431.48134294182,18953.078371259326,1
MT,custer,2283.9037912847452,4060.5993686947277,1
MT,daniels,916.3418519398692,1806.045667219947,0
MT,dawson,1580.619724953216,3572.8021042164364,0
MT,deer lodge,1230.1775871291175,3366.2040415826777,1
MT,fallon,839.4731886970912,2144.2989813304957,0
MT,fergus,2943.823116559208,3910.8560927617727,0
MT,flathead,21113.87867573685,23292.514274029534,0
MT,gallatin,33763.33809252099,22416.39460423358,0
MT,glacier,2037.7460740319475,4329.878152158353,1
MT,golden valley,725.1974350189994,1541.782840635875,0
MT,granite,1092.4344900352335,2022.2317613864943,0
MT,hill,3042.3146756022434,4883.398773335548,1
MT,judith basin,989.3798002622134,1827.8042523174627,0
MT,liberty,829.7449007064533,1693.1259603226026,0
MT,lincoln,3071.515058634439,5283.95658311073,0
MT,mccone,690.1711538049349,1779.4411451493652,0
MT,meagher,933.763543300789,1823.6338699206426,0
MT,mineral,882.056672763254,2252.2844579702105,0
MT,musselshell,1085.366557905876,2447.6690360519715,0
MT,park,4751.2732518622,4964.845153107597,1
MT,phillips,1065.5702260019752,2319.167326087678,0
MT,pondera,1493.6321918289686,2628.5912045101504,0
MT,powder river,905.6355721411637,1769.052900350027,0
MT,powell,411.76397558860845,2807.0511862675885,0
MT,prairie,730.0244722777752,1708.7627411390204,0
MT,ravalli,8413.336870663641,10119.493947658968,0
MT,roosevelt,1328.7092036254362,3483.474410512201,1
MT,rosebud,1724.1504529239282,3267.4601096950682,0
MT,sanders,1644.4968522183663,3727.6628348141676,0
MT,sheridan,1047.0959353246217,2186.764894712702,0
MT,silver bow,7072.538733747846,8598.475424852873,1
MT,stillwater,2280.49592902161,3621.623985800161,1
MT,sweet grass,1301.348659598967,2226.3490493163736,0
MT,teton,1640.0321939991081,2776.320554609607,0
MT,valley,1736.8451821274866,3165.883967542515,0
MT,wheatland,744.7225649934626,1616.6846643470271,0
MT,wibaux,757.5945825845047,1599.900218887633,0
ND,adams,1049.5909883098357,1941.9117117076385,0
ND,barnes,2557.5068662816193,3725.6134102892975,1
ND,benson,919.8844023940765,2647.5341474147426,1
ND,burleigh,23391.9363667754,20623.651996957,0
ND,cass,45193.75451044133,36365.854186612145,1
ND,cavalier,1071.4928143941252,2238.0729519520573,0
ND,dickey,1560.4569607912454,2310.096785441212,0
ND,dunn,1036.5109480080318,2312.811576355085,0
ND,eddy,985.7812048376363,1856.6796146890701,0
ND,emmons,908.7152907331874,2009.1984084200049,0
ND,foster,1093.6739680411774,2050.8853757522447,0
ND,golden valley,904.7330815105961,1804.008452610622,0
ND,grand forks,15900.2248037054,16243.042884073353,1
ND,grant,883.5464103065351,1864.5604561361797,0
ND,griggs,885.4417908789874,1822.9180080908081,1
ND,hettinger,897.0021666906505,1925.7282269933094,0
ND,kidder,829.3182863698094,1909.5099097717139,0
ND,lamoure,1136.9788142049074,2127.084968297022,0
ND,logan,721.3469252540781,1731.3292054735757,0
ND,mcintosh,878.8808122927367,1802.6785268612293,0
ND,mclean,1673.2992829417017,3556.911463971559,0
ND,mercer,1687.8047892555624,3244.1921152788454,0
ND,morton,5436.159427978455,7867.627442924902,0
ND,mountrail,1606.044563345229,3514.8720837695146,0
ND,nelson,996.465476960333,2058.1128679332287,1
ND,pembina,1431.7322534934756,2844.644704802242,0
ND,pierce,961.7997603600561,2292.512582783518,0
ND,ransom,1182.6983178435876,2563.560191472214,0
ND,renville,905.1550777618359,1973.3300891371982,0
ND,rolette,2230.467698677894,3802.599583767951,1
ND,sargent,983.6619752741499,2249.444608369111,1
ND,sheridan,707.383894549952,1651.086344861058,0
ND,steele,868.6482187604597,1841.559146979478,1
ND,stutsman,3952.0127573410027,5689.593442194353,0
ND,walsh,1583.0659024891393,3544.8445317180704,0
ND,wells,1170.820837852043,2105.455419117505,0
NE,adams,5305.580381324373,8164.410042869955,0
NE,antelope,1431.8463649817495,2807.954523205135,0
NE,arthur,672.9003294006179,1476.2434203839766,0
NE,banner,711.5438836944231,1577.9396973735747,0
NE,boone,1277.3499332575884,2673.386455174761,0
NE,burt,1474.0033987301176,2800.8349566718207,0
NE,butler,1588.5040230744999,3223.5167232709427,0
NE,cedar,1644.565020243579,3437.999078973233,0
NE,chase,1133.4720798653216,2223.147084373715,0
NE,cheyenne,2498.8124192835894,3729.048736830322,0
NE,clay,1308.4334021623872,2721.600642740341,0
NE,cuming,1724.2120380809429,3168.9254926542235,0
NE,custer,2356.0129834395157,3828.6266585079557,0
NE,dakota,1582.776743914481,3572.2019507949626,0
NE,dawes,2948.076823951189,3368.0015926636406,1
NE,dawson,1776.2965589668383,4064.377041564343,0
NE,dixon,1291.4421034555635,2562.602015585737,0
NE,dodge,5580.02730557723,8663.789727726793,0
NE,douglas,144018.5576885918,87702.21862049133,1
NE,fillmore,1387.968309400192,2657.686016804786,0
NE,frontier,951.9013911527436,2036.1512955033504,0
NE,furnas,1206.0349285161246,2378.2631619826643,0
NE,gage,3766.086292918284,5924.90111916298,0
NE,garfield,856.998515573574,1858.9772078542337,0
NE,gosper,938.9739592348087,1837.3694318076741,0
NE,grant,665.8247299224313,1542.8097239514827,0
NE,hall,6843.07826416587,11387.94937786622,0
NE,hamilton,2294.09752497889,3464.107462561755,0
NE,harlan,880.0666820134866,2168.650770354805,0
NE,hitchcock,890.6468923239227,2048.86010067146,0
NE,hooker,714.7122174527831,1529.6998752327345,0
NE,jefferson,1454.3666763811998,2980.243887006098,0
NE,keith,1795.5778260616935,3184.78055602088,0
NE,kimball,946.8958025801112,2155.7867629860557,0
NE,knox,1917.245038149711,3300.568337829787,0
NE,lincoln,6506.304593274672,9387.112859565661,0
NE,logan,695.8990964923796,1551.79742318211,0
NE,loup,683.7030500055444,1514.623412113342,0
NE,madison,5295.257153371418,8438.66446936063,0
NE,mcpherson,644.1709856929738,1470.389056856391,0
NE,merrick,1548.126812676077,3224.183802890395,0
NE,morrill,1152.9489025752555,2300.696467705955,0
NE,nance,1057.1426057877761,2181.7253622504395,0
NE,nemaha,2175.271874192633,2990.9109725063645,0
NE,nuckolls,1154.90041244261,2434.9227297064717,0
NE,otoe,3085.5922421773757,4892.7241423174455,0
NE,pawnee,899.5789940875875,1982.1243479761615,0
NE,perkins,1034.150093584518,1962.9928221913724,0
NE,phelps,2148.1491275579538,3508.644518680554,0
NE,pierce,1726.094531938168,3138.9615423218856,0
NE,platte,5081.276283034131,8074.867205781415,0
NE,polk,1468.0972851996594,2636.8796304881907,0
NE,red willow,1953.0513819241787,3981.5822491965246,0
NE,richardson,1750.499023973156,3189.3168538767277,0
NE,rock,775.9879013810241,1704.0470520867748,0
NE,sarpy,48896.77236657916,38366.16044609832,0
NE,saunders,4567.693500403613,6106.5087496260585,1
NE,scotts bluff,6238.551691445391,8320.109200635276,0
NE,sheridan,1528.6957510945795,2444.1292660884574,0
NE,thayer,1346.9292992408955,2551.6262356154075,0
NE,thomas,670.4535365997654,1528.7050052766572,0
NE,valley,1216.4946781982944,2356.529973194385,0
NE,washington,5407.986518709884,6177.865042646516,0
NE,webster,1185.205386090016,2202.9314434773223,0
NE,wheeler,669.7362067583417,1578.0496755277127,0
NE,york,3632.197512061448,4547.511822489481,0
NJ,camden,110956.98840210782,77097.89762509298,1
NJ,cumberland,5754.696006431506,16699.899741638987,1
NJ,hudson,153976.10860419253,77836.73734745549,1
NJ,hunterdon,46104.68076506082,25646.286438059997,0
NJ,middlesex,231562.90670301733,128236.753176748,1
NJ,ocean,126949.49989110502,120334.28798412083,0
NJ,passaic,82793.47476372722,66539.01697270299,1
NJ,salem,9790.67649336503,11916.637252357683,0
NJ,somerset,127689.2392320789,57750.435398368136,1
NJ,sussex,36896.90070417015,32560.86426343783,0
NJ,warren,24905.862495658777,21892.080300753834,0
NM,catron,1085.155600815633,2156.484254981606,1
NM,chaves,6244.051425112317,9771.050944393415,0
NM,cibola,1055.8280969582338,5629.650507317147,0
NM,curry,4575.3156774252275,9230.772026045077,0
NM,de baca,726.2337575471029,1773.803167526643,0
NM,dona ana,31718.138662876056,27055.243634389702,1
NM,eddy,4981.954909863511,11399.979547379151,0
NM,guadalupe,251.98940923432747,1918.135032393071,1
NM,harding,656.0584624741568,1483.5561142627812,0
NM,lea,888.104433191027,7593.498077449332,0
NM,luna,877.299079539036,3291.5029634042367,1
NM,mckinley,1706.7067392521021,9823.456175346491,1
NM,mora,693.6779108353185,2337.2913490040955,1
NM,otero,5322.591487004112,12296.50923867543,0
NM,quay,1191.4393787837435,2847.6310342778525,0
NM,rio arriba,3876.8560587257234,8399.717337339673,1
NM,roosevelt,2816.491355609218,3984.7771099307265,0
NM,san miguel,2675.579885594263,5749.0058048182855,0
NM,santa fe,41471.50299148535,25748.393811035396,1
NM,socorro,1802.7093069989533,3828.825432918793,1
NM,union,549.8435511647476,1953.400202939465,0
NV,carson city,6920.827880805828,11807.944225655096,0
NV,churchill,2884.905854817367,6486.491619679355,0
NV,clark,259144.30340729633,317258.0165924615,1
NV,douglas,9240.686382475376,12008.308086136614,0
NV,elko,4466.569065704185,10149.15747319719,0
NV,esmeralda,735.0431127972879,1600.986505316363,0
NV,lincoln,1071.4639462153755,2375.7571783443345,0
NV,lyon,4495.88720909139,11054.789714451583,1
NV,mineral,811.76691803008,2284.290259501893,1
NV,nye,3440.573306442573,9357.199246219827,0
NV,storey,1342.0617491494122,2306.152029521967,0
NV,washoe,79961.02703117533,77868.56082783462,1
NV,white pine,342.2658612327832,3081.4561416413308,1
NY,allegany,7104.482058260637,11123.871811452565,0
NY,broome,40770.3387241969,39554.635253460074,1
NY,cattaraugus,10779.596328468439,17220.466389685706,0
NY,cayuga,10947.136130637506,16106.989949801056,1
NY,chemung,16032.119228282136,18715.51351694497,0
NY,chenango,6401.882431243754,11004.38028405327,0
NY,clinton,11278.08069762587,15813.83271261571,1
NY,columbia,13066.157322897954,12681.682709674602,1
NY,cortland,9875.706272964931,11454.056063408885,1
NY,delaware,7208.5157840694665,10365.950584544615,0
NY,erie,223766.17394134,162093.79582943185,1
NY,essex,6233.687771074361,9019.152859733711,0
NY,franklin,3665.957085598773,10219.724068012552,0
NY,fulton,6800.844051178683,11864.782739740356,0
NY,greene,5755.876155919836,9666.187645337064,0
NY,hamilton,1218.804686830994,2237.308302271882,0
NY,herkimer,10843.73103279252,14824.057165769813,0
NY,kings,580331.2323413931,152729.82864515227,1
NY,livingston,11430.416448429774,13983.025051712855,0
NY,monroe,203931.81011995688,121609.20187273214,1
NY,montgomery,5725.004642790107,10298.986599504564,0
NY,niagara,39350.14866369924,44289.0972638168,1
NY,oneida,38185.112344702145,44167.50803635953,0
NY,onondaga,121435.74775335166,82422.07107279103,1
NY,ontario,27284.8400727941,24196.57716818712,1
NY,orange,71417.86290429911,68037.41741523864,1
NY,oswego,14924.640254558783,24512.731705985323,0
NY,queens,414818.2851667094,222873.18843932168,1
NY,richmond,106529.38310869472,81299.87392137872,1
NY,saratoga,67662.59218947524,47998.96175647172,1
NY,schenectady,35297.89631881314,29255.65264711367,1
NY,schoharie,5123.59390535453,7727.962322345729,0
NY,schuyler,3286.462261865985,5257.304711488801,0
NY,st. lawrence,16798.40613808895,22831.306128997294,1
NY,steuben,16473.91321126376,21506.17412062142,0
NY,suffolk,362630.2815394554,265341.4038619374,1
NY,sullivan,10086.326103647796,14133.032141251188,1
NY,tioga,9814.777726480983,11631.115787766668,1
NY,tompkins,40180.44942463259,20771.542613595928,1
NY,ulster,39912.41373257006,35016.0904312661,1
NY,warren,14639.637915493659,14781.711059453688,1
NY,washington,8037.860170170334,13756.426536436236,1
NY,wayne,14772.901560791752,20355.181354294502,0
NY,westchester,322445.7474671682,122068.03368429028,1
NY,wyoming,2656.216932629348,9606.558028835923,0
OH,adams,2110.8023878363892,5467.235427066418,0
OH,ashland,8495.969097436237,11818.716142478312,0
OH,athens,13962.991396776455,13873.063289753689,1
OH,auglaize,6803.201194409823,12297.930983641694,0
OH,brown,4243.237259561116,9832.93425464939,0
OH,carroll,2721.872047553901,7186.311060650327,0
OH,clark,19083.950524453085,26180.432883240912,0
OH,clermont,41551.19082614807,40853.745700881605,0
OH,clinton,5518.541170153312,9963.51090070154,0
OH,columbiana,10078.246371302164,22832.654356003648,0
OH,coshocton,3505.5034701324184,8554.146387462151,0
OH,crawford,4825.507875436098,10514.083947043877,0
OH,cuyahoga,289100.50545431225,161915.24437533563,1
OH,darke,5903.7610500391675,12723.952220974661,0
OH,defiance,4817.317716321057,9747.177418649177,0
OH,delaware,74797.96037039526,39161.37414624816,0
OH,erie,12918.893072199966,16593.134082075754,1
OH,fairfield,29417.024447369567,31871.307331833355,0
OH,fulton,5864.8277805711805,10808.719536872297,0
OH,gallia,3652.217785246503,5913.664226376783,0
OH,geauga,26637.3367028591,19291.694537832802,1
OH,greene,46631.68908850745,32508.01571899863,1
OH,guernsey,4200.248694881484,8629.42546191981,0
OH,hancock,15573.804439346464,18023.855883886845,0
OH,hardin,3835.1792719511614,8310.34189599762,0
OH,harrison,1595.631441651949,4462.225249160787,0
OH,highland,4034.083920356461,9254.405296151488,0
OH,hocking,3502.2634234725665,7444.491360139222,0
OH,holmes,-154.53622986762275,1823.2718304908776,0
OH,huron,6146.545407621081,13539.248396524607,0
OH,jackson,4549.589649556245,7184.154960726524,0
OH,jefferson,9092.62184987778,15648.681589687403,0
OH,knox,10740.917211692147,13962.554355257664,0
OH,licking,30670.30517581893,36230.01572093498,0
OH,logan,5806.762881719507,11182.556039915793,0
OH,lorain,51300.77214316573,58360.50873712846,1
OH,lucas,79597.15275539926,71099.8392497425,1
OH,madison,2771.1361812835457,9479.62822714027,0
OH,mahoning,40139.07336283832,43605.77470120242,1
OH,medina,42596.70949081817,39722.50627430254,0
OH,mercer,5535.537535238709,10865.581441385608,0
OH,miami,16698.572296381837,22422.613387553196,0
OH,monroe,1609.9499992989658,4436.409431316344,0
OH,morgan,1810.9013436197165,4429.803996878154,0
OH,muskingum,10346.306724307728,17863.967261902002,0
OH,ottawa,7315.222177568659,10669.707233009394,1
OH,perry,3190.907677997675,8006.6103535942075,0
OH,pickaway,5165.89575785783,12302.174723774679,0
OH,pike,2373.663227310866,5389.219255160202,0
OH,portage,34470.27330717244,35059.73779913622,1
OH,preble,4707.8630411896775,10353.179732572595,0
OH,putnam,5517.137721723029,9413.617201593286,0
OH,richland,12475.395821177792,24061.292298555796,0
OH,ross,5778.948775341498,15569.573349314955,0
OH,sandusky,6954.289057199036,14112.613381462637,0
OH,scioto,8246.779541742002,14997.447399459332,0
OH,seneca,6385.499056106546,13890.484953616939,0
OH,shelby,6341.540878368338,12090.202726737534,1
OH,stark,66582.8349209465,76043.29101294324,0
OH,summit,126089.17418604094,96336.26456202209,1
OH,tuscarawas,10506.282519179138,19220.871174846015,0
OH,union,13298.10689583497,12624.466642789925,1
OH,vinton,1137.4503258738114,3560.8881931411815,0
OH,warren,65583.30182175132,44256.235396765114,0
OH,washington,9082.397639086435,14634.424039158774,0
OH,wayne,17640.3017507893,21818.28753865102,1
OH,williams,4429.290298156593,9299.51012630369,0
PA,adams,16425.95076754756,21037.12509196895,0
PA,allegheny,372250.27859805553,228461.0259233639,1
PA,armstrong,8280.844427683805,15836.776857267127,0
PA,beaver,32272.973761545156,37073.94079585018,0
PA,bedford,5059.268849241122,11176.66712990896,0
PA,bradford,8675.14325842766,14323.824730023412,0
PA,cameron,1047.3857595852787,2338.025033359969,0
PA,centre,44548.775683292486,32153.877437236697,0
PA,chester,188882.6142870601,90050.8787843698,1
PA,clarion,6847.837790069054,9185.239416426724,0
PA,clearfield,5624.618819513766,17712.95986642782,0
PA,clinton,5759.340046101643,9248.202116559398,0
PA,crawford,14220.833857084677,18623.38874531022,0
PA,cumberland,60699.43688165539,48822.15034846615,1
PA,dauphin,58456.44280120845,44264.82837912947,1
PA,delaware,157487.58884364803,92876.01479898108,1
PA,elk,4687.135739940673,8489.76864410105,0
PA,fayette,14734.233547516158,27835.783140127143,0
PA,forest,-1811.1128245353684,2184.2648669127375,0
PA,greene,4046.467258004104,8446.471604611299,1
PA,indiana,13936.68601463033,18802.234262813487,0
PA,jefferson,5428.328723121413,10995.087794500598,0
PA,juniata,2542.765890462222,5586.0811439344125,0
PA,lackawanna,43645.31773483215,43865.38581426323,1
PA,lancaster,94927.6305661189,86507.03878488496,0
PA,lawrence,14897.49295434535,19374.285393637612,0
PA,lebanon,19792.569114456794,26470.0213845529,0
PA,lehigh,73362.18246909554,64311.34101875192,0
PA,luzerne,51215.49005061179,64624.08631624199,0
PA,lycoming,18415.971982098665,24206.787761423297,0
PA,mercer,18840.75796187526,24006.11318516779,0
PA,monroe,27495.34913028234,31501.774322030367,1
PA,montgomery,291040.1534930511,147200.6925462173,1
PA,montour,4722.415198640694,4976.827566976412,0
PA,northumberland,9026.988031506951,19025.789021059663,0
PA,perry,5530.605181878105,10821.953372933467,0
PA,snyder,4919.979513383369,8131.520260959011,0
PA,somerset,6774.053191067625,16386.49045144181,0
PA,sullivan,1071.4601290897663,2701.590010836706,0
PA,susquehanna,5323.718661818944,10217.24734120608,0
PA,tioga,6863.163373941046,10050.806652802497,0
PA,union,4205.61648887967,8782.022026785027,0
PA,venango,7266.856307669594,12682.411749371899,0
PA,warren,6028.275194626789,10529.928151017159,0
PA,washington,45609.52369642911,44680.58518346616,0
PA,wayne,6049.996788680171,11979.452009757068,0
PA,westmoreland,77007.68972951389,80431.78296696347,0
PA,wyoming,4330.099766729545,7730.514247836616,0
PA,york,72487.18931672917,84517.18564747294,1
RI,bristol,17918.947695228468,9736.356771634113,1
RI,kent,41578.88543453123,34686.293731228616,1
RI,newport,28563.67137503759,16885.082746951462,1
RI,providence,114448.10170014933,88799.794146578,0
RI,washington,44096.12437452645,26044.83769667743,1
TN,bedford,4440.989988724923,7935.715583361327,0
TN,benton,1814.339976852527,4011.3733234993088,0
TN,bledsoe,125.16040701435122,2969.162903523975,0
TN,blount,22826.66253356476,25458.924855079695,0
TN,bradley,15691.368229163982,17549.134271742678,1
TN,campbell,2828.2288510128856,6099.277744079105,0
TN,cannon,1722.6662318773415,3807.1625129112326,0
TN,carroll,3224.649241017378,4908.251370246615,0
TN,cheatham,5900.437272251631,8565.747251919724,0
TN,chester,2580.9667506585865,4173.889038316645,0
TN,claiborne,3078.6847508420287,5597.94215779142,0
TN,coffee,7809.3168484928065,11095.6914045689,0
TN,cumberland,8300.672768318509,11210.99536586193,0
TN,davidson,180867.86145177294,75875.26489157323,1
TN,dekalb,2024.2754566182157,3986.235825542164,0
TN,decatur,1471.7554412426798,3351.7750623149695,0
TN,dickson,5400.106850923399,10108.667102017911,0
TN,franklin,6211.324786808054,8661.01179546084,0
TN,gibson,7070.194469482143,8610.0030222216,0
TN,giles,3336.192153770753,5972.938765400628,1
TN,grainger,2073.8184020928347,5018.741990605275,0
TN,greene,7336.366966546706,12455.605077739208,0
TN,grundy,1095.3715931039733,2925.306123884169,0
TN,hamblen,7223.391389213601,11099.41084609996,0
TN,hamilton,76641.44391546102,51895.28465790207,1
TN,hancock,914.9381062834655,2209.512239240128,0
TN,hardeman,3.9537431987373566,2817.598028763332,0
TN,hawkins,5474.8176464341195,10829.479042805899,0
TN,henderson,3133.586786968048,5311.967778653283,0
TN,henry,3978.205036284471,6735.649343946554,0
TN,hickman,1069.7917309336626,4489.197018565625,0
TN,jackson,839.1146088801579,2969.3079684737313,0
TN,johnson,488.29122157868187,3633.180629109451,0
TN,lake,-518.3826904247217,1804.7128430361554,0
TN,lauderdale,158.66225231645512,3062.0677152356366,0
TN,lawrence,3522.3350547453156,7861.978798067061,0
TN,lewis,1462.5894281718392,3417.3340057833266,0
TN,lincoln,4544.293888635639,6785.787710541621,0
TN,loudon,9828.92167811798,9972.680802567269,0
TN,macon,1413.9619634296323,4373.14671604216,1
TN,madison,19444.996852021657,13261.69502959171,0
TN,marion,2665.1570910470728,5371.647155392899,0
TN,marshall,3480.473859074227,6640.408787818087,0
TN,maury,13462.157376812085,16769.06965806125,0
TN,mcminn,5555.578044308779,10286.430062241494,0
TN,mcnairy,2336.8853028692683,5324.913906791033,0
TN,monroe,3334.964430884913,8042.555315122248,0
TN,montgomery,32997.978831297114,36468.41239351156,0
TN,moore,1365.4535945471944,2539.2706886158267,0
TN,morgan,-281.662188510345,4714.8267534116185,0
TN,overton,2275.488985186239,4492.951417822171,0
TN,perry,798.7327759199616,2326.4187146454424,0
TN,pickett,783.9847416894554,2091.004644955239,0
TN,polk,1324.6958992072978,3935.8208017342695,0
TN,putnam,13079.701301632553,13943.052925456355,0
TN,rhea,2813.2683654922876,5307.8454584272295,0
TN,roane,7557.393275041832,11036.382392689196,0
TN,robertson,9084.623736283562,13522.039218297341,0
TN,rutherford,63174.18305348375,52502.38355769597,0
TN,sequatchie,1684.8553799105757,3837.5838085639443,0
TN,shelby,196867.1209032222,68469.2727010186,1
TN,smith,1773.296162977189,4696.039490998928,0
TN,stewart,1848.6316053153496,3990.8757439327746,0
TN,sullivan,25721.324170910182,29291.58306962926,0
TN,tipton,6731.862723334227,10944.596374648781,0
TN,unicoi,1856.7902741779508,4262.5125744463785,0
TN,van buren,906.0502231052778,2274.9683087126323,0
TN,warren,3421.0879418583754,7098.967745421389,0
TN,washington,29694.27015891463,23745.36752662464,0
TN,wayne,278.72330948145463,3658.603697981078,0
TN,white,2661.5441550038595,5835.833314077838,0
TN,williamson,88235.76522707823,39206.2679337626,0
TN,wilson,27642.71975098476,24621.361096936096,0
TX,anderson,-4616.493720433544,8116.532948772387,0
TX,angelina,8122.099504626232,12000.408358589702,0
TX,archer,1944.0101857839945,3218.285248301243,0
TX,armstrong,856.9064114408502,1766.8424905343672,0
TX,atascosa,2392.1956659919233,7011.19942196796,0
TX,bailey,261.53538149024826,1846.79024343532,0
TX,bastrop,6621.780484973642,11934.355421955468,0
TX,baylor,1294.7576298189633,2019.8964186385128,0
TX,bell,48421.93124356351,57741.67928170429,0
TX,bexar,282133.74717215274,265342.54474025185,1
TX,blanco,2665.211754912303,3548.7249321221498,0
TX,borden,730.5615521003965,1518.3709374314203,0
TX,bosque,2525.2008027759985,4263.221932802224,0
TX,bowie,10811.724763915947,15544.510236313843,0
TX,brazoria,56937.629553953535,52519.08673744068,0
TX,brazos,52313.612262590046,28585.082940244276,0
TX,brewster,2923.3997891383297,2852.086671168723,1
TX,brown,4981.364410249382,7990.324422169955,0
TX,burleson,1797.3938204399492,3651.941636002033,0
TX,burnet,7330.792421869959,9332.33482837536,0
TX,caldwell,2530.19715367979,6652.958554956185,0
TX,calhoun,1739.2665954300828,4637.260713669342,0
TX,callahan,2201.5121816918436,4181.3274716175365,0
TX,camp,1571.2679266345476,2984.683593738806,1
TX,carson,1915.3047411213993,2687.040926382211,0
TX,castro,621.8132410608196,2044.5110193666442,0
TX,cherokee,4295.025657041457,7407.459591116636,0
TX,clay,1747.8959445118526,3595.99440028752,0
TX,cochran,506.33162126463867,1621.097172651902,0
TX,coke,898.7769530156111,1950.3851761830083,0
TX,collin,319764.7439032303,152887.34900544334,1
TX,colorado,2624.060813759297,4116.235490518704,0
TX,comal,31069.014474836917,25866.030258652347,0
TX,comanche,1777.8511726147408,3344.016091724996,0
TX,cooke,6016.771009322289,8341.324665411938,0
TX,coryell,7246.636577714304,14928.920228687839,0
TX,cottle,678.108099201716,1472.8261798986823,0
TX,crane,609.5468691628048,1834.734356058103,0
TX,crockett,637.6329573541552,1804.9919388148955,0
TX,crosby,774.6828673927739,1934.6216397341268,0
TX,culberson,425.582887538807,1497.8673041750008,0
TX,dallam,482.2966829893303,2095.6933473269855,0
TX,dallas,403847.3972223157,175142.83403005294,1
TX,dawson,-96.76766453473829,2747.1428854093538,1
TX,dewitt,1216.4216714813483,4121.864472458421,0
TX,deaf smith,1060.9756280979673,3142.654039754485,0
TX,denton,225917.0083216275,132830.35830583159,1
TX,dimmit,541.561010094636,2066.0402460927507,1
TX,donley,903.9629722746286,2052.2208466106167,0
TX,duval,14.66132044832193,2152.436154159659,1
TX,eastland,2121.503305207858,4446.727191359449,0
TX,el paso,77330.52349062485,92431.599839781,1
TX,falls,1569.0336075682935,2732.034890388124,0
TX,fannin,2407.9642003815316,6749.333244118578,0
TX,fayette,3036.18111994199,5052.651436041098,0
TX,fisher,1092.5894700247773,1984.0876165016525,0
TX,floyd,965.9627637519334,1955.3611352486696,0
TX,foard,708.7267035036602,1572.6596678156347,0
TX,fort bend,203572.3535254452,87908.00178450841,1
TX,franklin,1714.4418079589195,3235.259988498812,0
TX,freestone,975.1957708104783,3999.012377592431,0
TX,gaines,63.68711517345582,1672.65468761374,0
TX,galveston,60267.83211509719,50749.221599189535,0
TX,garza,-787.646955565102,1318.7460315120916,0
TX,glasscock,682.6446030774387,1497.0670752301921,0
TX,goliad,1235.7436757207215,2882.8665711345784,0
TX,gonzales,1057.480441827247,3181.1640132496286,0
TX,gray,1178.1923189674744,4788.475645397504,0
TX,grayson,18314.504991850146,24438.64395768817,0
TX,grimes,240.99554431959405,4292.500728931454,0
TX,guadalupe,25662.929741389955,27529.33013287264,0
TX,hale,1441.2180792848012,5221.000152597595,0
TX,hamilton,1766.2085671941677,2648.0805712426263,0
TX,hardin,6733.241224984988,11849.472318013075,0
TX,harris,721699.6031809471,403828.7910636913,1
TX,harrison,7632.01084229552,9683.877215444618,0
TX,hartley,490.70123051455084,2218.7482871616667,0
TX,hays,45231.50572505398,33417.44008070743,1
TX,hemphill,1186.7026217226448,1895.5781611713865,0
TX,henderson,9750.997261913455,13719.969411263188,0
TX,hill,3653.667000262558,6227.12449697607,0
TX,hockley,2001.258213673169,4464.316320925731,0
TX,hood,10504.294014636254,11735.052083824323,0
TX,houston,1192.935737649801,4118.34354210962,0
TX,hudspeth,307.743720801951,1246.3495978326027,0
TX,hunt,9808.075398792189,14848.124542694484,0
TX,hutchinson,2467.9705419276834,5340.656319270038,0
TX,irion,717.1808946178644,1753.644898096165,0
TX,jack,230.45989204586294,2634.858384683139,0
TX,jackson,2079.0041965933124,3768.6996121168977,0
TX,jeff davis,1163.2058337508097,1628.16183050572,0
TX,jim hogg,569.8783605895842,2008.6263914494193,1
TX,johnson,16869.763904895728,28098.76952883264,0
TX,jones,-2247.860856036881,3580.839522770588,0
TX,karnes,-742.2702016915246,3078.248374207378,0
TX,kaufman,14256.877553590786,18936.084195798332,0
TX,kendall,12292.44207091989,9240.055683199978,0
TX,kenedy,536.1514274018555,1370.7079878974728,0
TX,kent,678.2806912418564,1454.4386280671642,0
TX,kerr,10012.439910592253,10301.806491922238,0
TX,king,605.574520659291,1410.716188629638,0
TX,knox,874.9432203089636,1882.9556929691207,0
TX,la salle,-116.56322365755113,1620.501308126244,1
TX,lamar,6357.3010505444145,9170.204036637304,0
TX,lamb,1266.5638567708338,2712.930724178357,0
TX,lampasas,3510.2746638113786,5385.337168248017,0
TX,lavaca,2685.5335282826018,4480.8680792424075,0
TX,leon,2283.1576333252924,4200.368678724604,0
TX,liberty,2952.2437663297824,10256.500771801722,0
TX,limestone,1713.4184388888716,3928.7177520406112,1
TX,lipscomb,712.9557667651934,1889.5963361816139,0
TX,live oak,283.6359755200174,3132.527109525967,0
TX,llano,4413.839402274181,4821.245425320663,0
TX,loving,569.1924227954696,1381.989433435032,0
TX,lubbock,52264.576655579745,46463.6063016931,0
TX,lynn,943.3370116158767,2113.2176679879303,0
TX,marion,1251.4965585508617,2499.397930654315,0
TX,maverick,-1263.4903040858771,1664.5818400993267,1
TX,mcculloch,1068.1083852852498,2422.0496831998535,0
TX,mclennan,34645.350315344636,35197.9191158598,0
TX,mcmullen,587.1579236112229,1479.239503288998,0
TX,medina,3761.910528599972,8947.07071248473,0
TX,midland,23580.310435966814,24091.837951946924,0
TX,milam,2427.9899992514474,4700.1770195193985,0
TX,mills,1377.8267276391489,2153.448882349345,0
TX,mitchell,-505.9341376344928,2283.1794092976925,0
TX,montague,2421.2216889114316,4619.636267687649,0
TX,montgomery,114835.02855640213,85064.2304613177,0
TX,moore,252.72595970452676,2133.6058993114275,0
TX,morris,2101.0699817202403,3279.5110484608267,0
TX,nacogdoches,11700.0038122623,8472.312875005086,0
TX,navarro,4047.5662504023785,6249.403636800187,0
TX,nolan,1192.2695380210935,3567.362372835403,0
TX,nueces,36469.272357221926,52875.53655901252,1
TX,palo pinto,3219.5444868553896,5984.394216629251,0
TX,parker,23801.789973753705,25442.50472575611,0
TX,pecos,-1078.3070539917026,2525.7746399050266,0
TX,polk,943.6195354828378,7902.556716105037,0
TX,potter,4265.68860373411,14711.101068457807,0
TX,randall,28777.498004774447,27046.926817655007,0
TX,reagan,450.04633341687804,1712.345139037061,0
TX,real,1100.4620283066797,1841.4274661572854,0
TX,red river,1731.1516821565747,2908.456159348658,1
TX,reeves,-1564.3629272262187,1576.0511253413206,1
TX,refugio,832.0537004402213,2455.62072042573,0
TX,robertson,2102.3982437390077,3465.588066646207,0
TX,rockwall,24909.967253661936,17835.64632602017,1
TX,runnels,1502.48993476732,2783.2644032797107,0
TX,rusk,2540.538278765147,7396.066799256476,0
TX,sabine,1438.1842379129666,3235.1270111428676,0
TX,san augustine,1106.3060569498666,2388.8388421987474,0
TX,san jacinto,2173.9927694756916,5726.197809717043,0
TX,san patricio,3559.6462720176023,10443.21215884992,0
TX,san saba,721.8786602351247,2002.320641393846,0
TX,schleicher,791.9778205185139,1745.8707477412827,0
TX,scurry,908.7387647444593,3916.1871452036157,0
TX,shelby,2382.6835411545762,3515.3446444756264,0
TX,stephens,871.0988611257308,2578.7979983933037,0
TX,sterling,706.6872089471653,1590.9408520147954,0
TX,stonewall,644.8089109418215,1546.808655724486,0
TX,sutton,661.0267005524511,1862.8795112712469,0
TX,swisher,854.7660724929156,2477.0802179804887,0
TX,tarrant,385611.4397754399,258701.7389554855,1
TX,taylor,22410.124341781844,24467.843728004344,1
TX,terry,223.24332617831897,2270.2200080706098,0
TX,throckmorton,805.4086721744789,1595.377892296994,0
TX,travis,344729.45999818266,163223.8603758438,1
TX,tyler,747.5242136394627,4979.814288372492,0
TX,upshur,4502.412612163451,7730.264052280949,0
TX,upton,662.4478229268498,1783.107883385419,0
TX,uvalde,1551.340808203753,3417.124793550007,0
TX,van zandt,6034.166360774278,9925.928040512945,0
TX,victoria,10175.07907556772,15938.854284912806,0
TX,washington,4948.120072526901,5689.133913367668,0
TX,webb,9842.422933920305,13346.073779769613,1
TX,wheeler,882.6266142362001,2221.0915132725313,0
TX,wichita,15407.873201581624,22938.528903324124,0
TX,wilbarger,1459.3502673345283,2931.1703591207333,0
TX,wilson,5409.144392453683,9598.053230602101,0
TX,winkler,398.95564952065615,1910.233626982612,0
TX,wood,5327.235670409351,8931.974886047641,0
TX,yoakum,920.8047941460136,2086.9844510703115,0
TX,young,2657.881341724038,4207.353942226971,0
TX,zapata,-595.1973649086467,676.4692997987113,1
UT,beaver,1466.3041766003262,2799.839203511725,0
UT,carbon,2695.14782851197,5646.053102890413,0
UT,daggett,590.858714174592,1567.493481616024,0
UT,garfield,1132.0583203005408,2472.55259092063,0
UT,grand,2279.2530399414427,3380.4127211956984,1
UT,iron,10392.654420565026,11611.488033082418,0
UT,juab,1625.1176331467104,3838.2767545724055,0
UT,kane,1988.788153212441,3109.0667091436117,0
UT,morgan,3561.7022632181215,3919.8060712783335,0
UT,piute,740.3567750394759,1676.0158958120192,0
UT,salt lake,239852.21820363225,207030.78336377023,0
UT,san juan,1868.1925186953995,4127.011701262038,0
UT,sanpete,3400.938893910392,7331.474241729815,0
UT,sevier,2701.3171186084946,5892.823828153787,0
UT,uintah,3460.220334625905,8632.870237203622,0
UT,utah,152708.8682044582,119169.9739326732,0
UT,wasatch,7641.694400694174,7009.642605718396,0
VA,albemarle,41016.310145062474,17281.46295288683,1
VA,alexandria city,68232.89342103011,18219.376322708376,1
VA,alleghany,2402.651626749179,4099.536632561543,0
VA,amelia,1173.3146963790496,2854.6270374900887,0
VA,amherst,4837.804950324047,5520.4434741027,0
VA,appomattox,2633.302531144698,3346.6991718389254,0
VA,arlington,118310.96237644952,31579.5424631571,1
VA,augusta,11748.679110732148,14499.863156825193,0
VA,bath,818.0676623160252,2281.2381101876053,0
VA,bland,815.1977766174496,2740.2058409492165,0
VA,botetourt,7351.753874363698,8273.379445416362,0
VA,bristol city,3856.9191635762145,3968.161028609742,0
VA,brunswick,686.8276579907397,1845.6304227919973,1
VA,buchanan,1036.7681946438788,3314.602521091965,0
VA,buena vista city,1640.9254793938817,2396.3763001613843,0
VA,campbell,8556.98158463879,9841.089126520317,0
VA,carroll,2593.9664507221096,6041.924111086941,0
VA,charles city,933.7679107863441,1678.5268478369617,1
VA,charlotte,1268.957914121529,2526.4791749719043,0
VA,charlottesville city,17095.137571660867,7247.832102731294,1
VA,chesterfield,93275.76738973366,51435.873978046526,1
VA,colonial heights city,3952.4860596758044,4512.532606824989,0
VA,covington city,832.4224889512443,2299.530855857338,0
VA,craig,1131.7520750992335,2440.368563727141,0
VA,culpeper,6934.457634568193,8122.137562950997,0
VA,danville city,6237.997571787189,3410.6089171186213,1
VA,dickenson,1000.0101906234122,3114.4736582322003,0
VA,dinwiddie,3182.642738722574,3993.1219887065763,0
VA,emporia city,1113.5896452793095,1386.7577858959667,1
VA,essex,1999.2468312573947,2298.2926218642315,0
VA,fairfax,474627.2807021722,160344.70278512,1
VA,fluvanna,7527.513962251058,5643.307192510545,1
VA,franklin city,2133.234242380957,1639.9067307229998,1
VA,franklin,8679.359414746621,10630.908057998835,0
VA,frederick,17013.72864971563,16044.756976218177,0
VA,fredericksburg city,9625.012712427397,5351.048780886264,1
VA,galax city,923.8100046452855,2215.5861078547277,0
VA,goochland,6323.774176985022,4842.769560072877,0
VA,grayson,1487.4541086379322,3637.2326743095473,0
VA,greene,3777.7841498917005,4211.6315968284325,0
VA,greensville,-1062.9172731511826,1661.481947856024,1
VA,halifax,4061.711423159577,3880.1235019980686,0
VA,hampton city,23424.79147745264,16613.770415098952,1
VA,harrisonburg city,14071.610181455788,8612.54084361856,1
VA,henry,4178.326234247397,7024.889247598843,0
VA,highland,1049.1759754059094,1747.571980253757,0
VA,hopewell city,2858.542768907235,3216.8628633923254,1
VA,isle of wight,7423.366069341671,6199.908335157692,0
VA,james city,26388.373598433358,13549.05073999278,1
VA,king william,2607.4255429442564,4097.607133841231,0
VA,king and queen,1259.6925559108313,2310.1166900270036,0
VA,lancaster,3248.6310020262245,2890.6235321122876,0
VA,lee,1029.0833811763769,4284.897385177894,0
VA,lexington city,2149.896628816634,2210.4079885231513,1
VA,loudoun,151280.01718476127,59141.62554301754,1
VA,lunenburg,678.009418288344,2182.417668844988,0
VA,lynchburg city,20647.1571610024,11102.391195863696,1
VA,madison,2967.5930357276193,3490.786627268426,0
VA,manassas park city,2702.3002641344538,3244.045269113216,1
VA,mathews,2580.117666988699,3093.744484497325,0
VA,mecklenburg,3727.5312674134875,3797.9295920439254,0
VA,middlesex,2327.2267939716658,3089.3930395036186,0
VA,montgomery,30214.839512716822,18086.703687978516,1
VA,nelson,3832.126772074025,3537.276278571815,1
VA,new kent,4002.1357514840893,5248.2887387184255,0
VA,newport news city,31240.64624020685,23723.955624167756,1
VA,norfolk city,33805.20636681106,26904.21979537464,1
VA,northampton,2242.414885420978,2163.7990432687475,1
VA,northumberland,3000.2887939347165,3126.5465464232366,0
VA,nottoway,652.024741470741,1972.2078124264626,0
VA,orange,7110.371008667684,7510.098461773234,0
VA,page,2452.2825020987766,4866.747033662858,0
VA,patrick,2005.571548436179,3925.044178911263,0
VA,pittsylvania,5999.480481467486,9285.810636792072,0
VA,portsmouth city,13469.455002628842,8398.501317938379,1
VA,prince george,3556.4733999152886,6594.482788961028,0
VA,prince william,114564.65977320465,61395.60037675735,1
VA,pulaski,4591.9354169933395,7068.328483015506,0
VA,richmond city,55310.62100616051,11730.903606018084,1
VA,richmond,461.13047563823784,2322.0483104738705,0
VA,roanoke,25605.893442918445,19289.03225823659,1
VA,russell,2803.4568290666793,5306.185372591459,0
VA,salem city,6171.098020221696,6042.680881117614,0
VA,scott,1960.6790578727268,4722.692069597168,0
VA,shenandoah,6497.768629765284,9155.44370491602,0
VA,smyth,3504.8628636788562,6617.808357973279,0
VA,southampton,1582.2411620893654,3177.946795151558,0
VA,spotsylvania,27574.159035695822,22618.39237880658,0
VA,stafford,36290.64412703988,26179.998296651553,1
VA,staunton city,7551.5074306778115,5164.8582123941,0
VA,suffolk city,16552.596110778508,10744.821205120592,1
VA,surry,1497.0055299496562,1861.2438695150086,1
VA,sussex,-1472.3283692269724,1284.5904695393765,1
VA,tazewell,4165.169317987318,7353.538422516509,0
VA,washington,9817.060595814215,10210.659165653646,0
VA,westmoreland,2912.4270492436335,3543.696604926645,0
VA,williamsburg city,7761.971358713214,3717.943056798307,0
VA,winchester city,6269.399482709912,4935.2897958258145,0
VA,wise,2476.315619916728,5732.752878619096,0
VA,wythe,3909.154518508589,5992.098532770977,0
VT,addison,10365.95344074815,8905.231999981796,1
VT,caledonia,6771.111667447316,7687.899933138597,0
VT,essex,1153.508395004861,2480.411024740006,1
VT,franklin,8858.739901064639,11390.568344446923,1
VT,orange,7010.129138054366,7405.695049136373,1
VT,orleans,4635.097086903403,6502.10469582969,1
VT,rutland,13872.700940541366,13660.621807481728,1
VT,washington,18510.520902206033,13429.91650298594,1
VT,windham,12131.860956355067,9990.071978740265,1
VT,windsor,15585.89803944999,12833.5336727606,1
WA,adams,592.0667997093951,2402.4733915485886,0
WA,benton,37284.47453542852,37662.71061965595,0
WA,chelan,11978.833176576636,12758.894253528804,0
WA,clallam,13583.23208907397,17386.263851788524,1
WA,clark,91766.21963437583,96095.83865783623,1
WA,columbia,1320.5709844588018,2183.442187717468,0
WA,cowlitz,12062.450671658755,22576.378425716954,0
WA,douglas,4075.6380425264106,7572.7633309674675,0
WA,ferry,1361.9948718604319,2898.068576697042,0
WA,franklin,2462.013166657365,10223.634410634877,0
WA,garfield,1004.7938435130673,1937.529604907857,0
WA,grant,5311.560131975257,11989.475055835399,0
WA,grays harbor,6255.38037746352,16208.41120908642,0
WA,jefferson,9536.930104953903,7841.269037219494,1
WA,king,708197.6040685589,357055.9016574282,1
WA,kittitas,10994.677671543155,9571.305682305661,0
WA,lewis,8155.084603944684,16539.389308462043,0
WA,lincoln,2106.087133507117,3648.169767373747,0
WA,mason,6773.914341750296,13385.408207347973,0
WA,okanogan,4469.433774992645,8024.880075771689,0
WA,pacific,2886.078886725085,5685.0948765937155,1
WA,pend oreille,2032.1112314460515,4117.032111633711,0
WA,pierce,145715.24341066918,167873.1446971369,1
WA,san juan,6458.242312972467,4674.731694738846,1
WA,skagit,21062.830570202554,25177.93931242721,1
WA,snohomish,158985.0453793739,156510.92791858118,1
WA,spokane,104058.04190635527,107532.83584383485,1
WA,stevens,5961.404643338039,10838.426117012923,0
WA,thurston,66818.27263439809,57844.66534590217,1
WA,wahkiakum,1086.8918537659592,2365.8988818622893,0
WA,walla walla,10966.029458587403,12583.950286735902,0
WA,whatcom,49570.16929224548,43400.13181422821,1
WA,yakima,10853.82081800386,25242.462944736923,1
WI,adams,1272.7231964574057,5469.916278516732,0
WI,ashland,3019.966433737005,4908.06496534759,1
WI,barron,6257.384760341542,11166.746540490753,0
WI,bayfield,3570.827985717413,4821.601370287217,1
WI,brown,52519.53690756531,54397.007392772844,1
WI,calumet,10835.514923072746,12160.036227622306,1
WI,chippewa,8069.492478997978,15857.56935518589,0
WI,clark,2414.777627927284,7193.654506585612,0
WI,columbia,9469.664686748809,14248.331187689248,1
WI,crawford,2040.0475625178842,4969.10369107927,0
WI,dane,186543.61023081283,101091.18704478795,1
WI,dodge,8100.984281744244,19963.421476517626,0
WI,door,7207.698796636676,7473.084185203517,1
WI,douglas,8019.74294265006,11569.979934234007,1
WI,eau claire,24517.05107139484,23518.801092117814,1
WI,florence,1057.1528495000712,2440.809194679503,0
WI,forest,1300.6706480490611,3168.294924496662,0
WI,grant,7424.079043079266,12737.204610387656,1
WI,green lake,2763.5477058096767,5293.146526897221,0
WI,iron,1390.5634757057378,2767.9278189506294,0
WI,jackson,1611.8952957530164,5661.813209772334,1
WI,jefferson,14801.892788297737,19586.1994088505,0
WI,juneau,1742.3414061746953,6499.684657742957,0
WI,kenosha,29761.719371061867,33738.1342423591,1
WI,kewaunee,2946.261304406278,6162.55182225641,0
WI,la crosse,30424.31826760001,27644.21153857743,0
WI,langlade,2721.303669496265,5623.366185356535,0
WI,lincoln,3763.546860636674,7642.49014122313,0
WI,manitowoc,12041.85714188985,19078.264040272614,0
WI,marathon,23223.249404438586,30486.901291487833,0
WI,marinette,4878.781220647212,10958.772012165015,0
WI,menominee,914.6434623309142,2331.760402175656,1
WI,milwaukee,195669.88651715437,120246.90730249329,1
WI,monroe,6168.061383980559,11219.16982659022,0
WI,oneida,7228.847182883605,9118.332127080868,0
WI,outagamie,37807.961928324425,42196.17863321319,1
WI,ozaukee,31951.60438192419,19959.09392261144,0
WI,pepin,1507.7098416031877,3011.9429254576207,0
WI,pierce,9267.725738464289,10938.460119010273,1
WI,portage,16116.025938285424,16816.07365506408,1
WI,racine,32520.302024567078,36141.64054832801,1
WI,rock,24797.890654764746,33988.46116501012,1
WI,rusk,1947.6676490733698,4281.2674604354925,0
WI,sawyer,2921.685809866398,4951.498255370483,0
WI,sheboygan,19524.253256814056,26435.900575507807,0
WI,st. croix,22454.442410251177,21456.152717372493,0
WI,taylor,2164.059412401817,5649.250170598767,0
WI,walworth,20796.56206170661,22614.07042060614,0
WI,washington,30317.96193618529,31354.611598316376,0
WI,waukesha,126574.1182208707,87264.87394076161,0
WI,waupaca,6764.95069717761,13027.789247799436,0
WI,waushara,2188.295837199552,6057.9960325389475,0
WI,winnebago,32659.099943508274,37679.37812067497,1
WI,wood,12230.085786380057,18270.90901825873,0
WV,barbour,2100.90184849457,4113.987125974412,0
WV,berkeley,16367.051086969117,21267.292725525866,0
WV,boone,1588.7311134042102,5046.565401177302,1
WV,braxton,1543.699748980027,3739.046210252607,0
WV,calhoun,1057.5716880947803,2381.5779082762747,0
WV,clay,851.8190219482676,2300.540569831119,0
WV,doddridge,875.5467394829648,2526.726310405902,0
WV,fayette,3758.827264375428,8482.094556684855,1
WV,gilmer,318.79307579292436,2502.9223256159894,0
WV,grant,1508.3560949517923,3292.633257890895,0
WV,greenbrier,5496.095321794677,7303.95996058924,1
WV,hardy,1734.295863027568,3415.727203819104,0
WV,jackson,4245.319945585954,7041.64376406002,0
WV,jefferson,12268.289268578501,11136.979108928164,1
WV,kanawha,37240.506777636016,35845.282108397194,1
WV,lewis,2103.841963652052,4734.69957251557,0
WV,lincoln,1456.0939993460488,4696.594817933561,0
WV,marion,9806.983623590095,12546.78857088313,1
WV,marshall,4550.725653150919,8273.068608197142,1
WV,mason,3024.2211546313665,6541.4965497906705,0
WV,mcdowell,-140.66656842298107,2234.5646250021746,1
WV,mercer,9657.72788005018,10856.1878050438,0
WV,mineral,3011.227677267416,7227.7873588020575,0
WV,monongalia,27224.437187592073,20479.820146879814,1
WV,monroe,1677.8699623170178,3573.4203761750905,0
WV,morgan,2592.6338490623493,4281.524890201636,0
WV,pendleton,1146.4798017493304,2488.5109810539834,0
WV,pocahontas,1300.6328731778704,2937.446763047403,0
WV,preston,2924.232404399325,7073.775785071906,0
WV,raleigh,9113.052971980716,14004.521116457407,0
WV,randolph,3480.5675288678067,6144.272244831212,1
WV,ritchie,1191.2220017479522,3109.439396239828,0
WV,roane,1531.2438063183436,3467.057540154081,0
WV,summers,2323.6553702520505,3528.959464357151,0
WV,taylor,2512.4870006847923,4528.399166644222,0
WV,tucker,1261.1473964504876,2791.633782501751,0
WV,tyler,1441.5276522367567,3237.277621725516,0
WV,upshur,3457.2154552922693,5578.693363651673,0
WV,wayne,4074.644350369261,7577.119443979309,1
WV,wetzel,1752.450084989021,4254.378901041649,1
WV,wood,14800.160525303612,19449.37453439279,1
WV,wyoming,1407.2023620328764,4603.394248883147,1
WY,albany,12772.036858558693,9167.798676846849,1
WY,campbell,6017.841265308543,12371.641915254413,0
WY,carbon,1944.8345564802985,4744.469678473428,0
WY,converse,2098.3478632849365,4560.716316759301,0
WY,fremont,6620.168947417471,10333.949533598121,0
WY,goshen,2312.313028210294,4365.816441820662,0
WY,johnson,1903.215911246174,3425.926394844817,0
WY,lincoln,3104.2315932706333,5740.735847099351,0
WY,natrona,12809.642677175512,19221.490530939933,0
WY,niobrara,1030.8067203833998,1893.4613903003847,0
WY,platte,1543.7024169709512,3273.5533030148617,0
WY,sublette,2058.662779725506,3835.560904515316,0
WY,sweetwater,5956.64824643881,11038.607317375394,0
WY,uinta,3020.7606298161736,5863.530979686204,0
WY,washakie,1859.1144394034018,2984.1906872973195,0
